---drop database if exists week2
---create database week2
use week2

/*DROP TABLE IF EXISTS runners;
CREATE TABLE runners (
  "runner_id" INTEGER,
  "registration_date" DATETIME
);
INSERT INTO runners
  ("runner_id", "registration_date")
VALUES
  (1, '2021-01-01'),
  (2, '2021-01-03'),
  (3, '2021-01-08'),
  (4, '2021-01-15');


DROP TABLE IF EXISTS customer_orders;
CREATE TABLE customer_orders (
  "order_id" INTEGER,
  "customer_id" INTEGER,
  "pizza_id" INTEGER,
  "exclusions" VARCHAR(4),
  "extras" VARCHAR(4),
  "order_time" DATETIME2
);

INSERT INTO customer_orders
  ("order_id", "customer_id", "pizza_id", "exclusions", "extras", "order_time")
VALUES
  ('1', '101', '1', '', '', '2020-01-01 18:05:02'),
  ('2', '101', '1', '', '', '2020-01-01 19:00:52'),
  ('3', '102', '1', '', '', '2020-01-02 23:51:23'),
  ('3', '102', '2', '', NULL, '2020-01-02 23:51:23'),
  ('4', '103', '1', '4', '', '2020-01-04 13:23:46'),
  ('4', '103', '1', '4', '', '2020-01-04 13:23:46'),
  ('4', '103', '2', '4', '', '2020-01-04 13:23:46'),
  ('5', '104', '1', 'null', '1', '2020-01-08 21:00:29'),
  ('6', '101', '2', 'null', 'null', '2020-01-08 21:03:13'),
  ('7', '105', '2', 'null', '1', '2020-01-08 21:20:29'),
  ('8', '102', '1', 'null', 'null', '2020-01-09 23:54:33'),
  ('9', '103', '1', '4', '1, 5', '2020-01-10 11:22:59'),
  ('10', '104', '1', 'null', 'null', '2020-01-11 18:34:49'),
  ('10', '104', '1', '2, 6', '1, 4', '2020-01-11 18:34:49');


DROP TABLE IF EXISTS runner_orders;
CREATE TABLE runner_orders (
  "order_id" INTEGER,
  "runner_id" INTEGER,
  "pickup_time" VARCHAR(19),
  "distance" VARCHAR(7),
  "duration" VARCHAR(10),
  "cancellation" VARCHAR(23)
);

INSERT INTO runner_orders
  ("order_id", "runner_id", "pickup_time", "distance", "duration", "cancellation")
VALUES
  ('1', '1', '2020-01-01 18:15:34', '20km', '32 minutes', ''),
  ('2', '1', '2020-01-01 19:10:54', '20km', '27 minutes', ''),
  ('3', '1', '2020-01-03 00:12:37', '13.4km', '20 mins', NULL),
  ('4', '2', '2020-01-04 13:53:03', '23.4', '40', NULL),
  ('5', '3', '2020-01-08 21:10:57', '10', '15', NULL),
  ('6', '3', 'null', 'null', 'null', 'Restaurant Cancellation'),
  ('7', '2', '2020-01-08 21:30:45', '25km', '25mins', 'null'),
  ('8', '2', '2020-01-10 00:15:02', '23.4 km', '15 minute', 'null'),
  ('9', '2', 'null', 'null', 'null', 'Customer Cancellation'),
  ('10', '1', '2020-01-11 18:50:20', '10km', '10minutes', 'null');


DROP TABLE IF EXISTS pizza_names;
CREATE TABLE pizza_names (
  "pizza_id" INTEGER,
  "pizza_name" TEXT
);
INSERT INTO pizza_names
  ("pizza_id", "pizza_name")
VALUES
  (1, 'Meatlovers'),
  (2, 'Vegetarian');


DROP TABLE IF EXISTS pizza_recipes;
CREATE TABLE pizza_recipes (
  "pizza_id" INTEGER,
  "toppings" TEXT
);
INSERT INTO pizza_recipes
  ("pizza_id", "toppings")
VALUES
  (1, '1, 2, 3, 4, 5, 6, 8, 10'),
  (2, '4, 6, 7, 9, 11, 12');


DROP TABLE IF EXISTS pizza_toppings;
CREATE TABLE pizza_toppings (
  "topping_id" INTEGER,
  "topping_name" TEXT
);
INSERT INTO pizza_toppings
  ("topping_id", "topping_name")
VALUES
  (1, 'Bacon'),
  (2, 'BBQ Sauce'),
  (3, 'Beef'),
  (4, 'Cheese'),
  (5, 'Chicken'),
  (6, 'Mushrooms'),
  (7, 'Onions'),
  (8, 'Pepperoni'),
  (9, 'Peppers'),
  (10, 'Salami'),
  (11, 'Tomatoes'),
  (12, 'Tomato Sauce');
*/

--- customer_orders and runner_orders tables have some null values -> fixing this issue by replacing them with blank in a temp table

drop table if EXISTS customer_orders_cleaned
select order_id, customer_id, pizza_id,
      case
        when exclusions like 'null' or exclusions is NULL then ''
        else exclusions
        end as exclusions,
      case
        when extras like 'null' or extras is NULL then '' 
        else extras
        end as extras,
      order_time
into customer_orders_cleaned
from customer_orders

;

drop table if EXISTS runner_orders_cleaned
select order_id, runner_id,
      case
        when pickup_time is NULL or pickup_time like 'null' then ''
        else pickup_time
        end as pickup_time,
      case
        when distance like 'null' or distance is NULL then ''
        when distance like '%km' then trim('km' from distance)
        else distance
        end as distance,
      case 
        when duration like 'null' or duration is NULL then ''
        when duration like '%minutes' then trim('minutes' from duration)
        when duration like '%minute' then trim('minute' from duration)
        when duration like '%mins' then trim('mins' from duration)
        else duration
        end as duration,
      case
        when cancellation like 'null' or cancellation is NULL then ''
        else cancellation 
        end as cancellation
into runner_orders_cleaned
from runner_orders

-- altering the cleaned columns to correct data types
alter table runner_orders_cleaned
alter column pickup_time DATETIME2;

alter table runner_orders_cleaned
alter column distance FLOAT;

alter table runner_orders_cleaned
alter column duration FLOAT;

-- altering text columns to nvarchar
alter table pizza_toppings
alter column topping_name NVARCHAR(MAX);

alter table pizza_names
alter column pizza_name NVARCHAR(MAX);

alter table pizza_recipes
alter column toppings nvarchar(MAX)





select * from customer_orders_cleaned
select * from runner_orders_cleaned
--select * from customer_orders
select * from pizza_names
select * from pizza_recipes
select * from pizza_toppings
--select * from runner_orders 
select * from runners